{
    "type": "FeatureCollection",
    "features": [
        {
            "type": "Feature",
            "geometry": {
                "type": "Point",
                "coordinates": [
                    -122.65335738658904,
                    45.512083676585156
                ]
            },
            "properties": {
                "name": "Hungry Heart Cupcakes",
                "address": "1212 SE Hawthorne Boulevard",
                "website": "http://www.hungryheartcupcakes.com",
                "gluten free": "no",
                "open1": "Monday - Sunday, 11am - 9pm"
            }
        },
        {
            "type": "Feature",
            "geometry": {
                "type": "Point",
                "coordinates": [
                    -122.65964448451994,
                    45.51068525047507
                ]
            },
            "properties": {
                "name": "New Cascadia Traditional",
                "address": "1700 SE 6th Avenue",
                "website": "http://www.newcascadiatraditional.com/",
                "gluten free": "yes",
                "open1": "Tuesday - Friday, 7:30am - 5pm",
                "open2": "Saturday, 8am - 4pm"
            }
        },
        {
            "type": "Feature",
            "geometry": {
                "type": "Point",
                "coordinates": [
                    -122.68403112888336,
                    45.52040960728883
                ]
            },
            "properties": {
                "name": "Saint Cupcake Galore",
                "address": "1138 SW Morrison Street",
                "website": "http://www.saintcupcake.com",
                "gluten free": "no",
                "open1": "Monday - Friday, 9am - 7pm",
                "open2": "Saturday, 10am - 7pm",
                "open3": "Sunday, 12pm - 6pm"
            }
        },
        {
            "type": "Feature",
            "geometry": {
                "type": "Point",
                "coordinates": [
                    -122.63081073760986,
                    45.51633888853428
                ]
            },
            "properties": {
                "name": "Saint Cupcake Deluxe",
                "address": "3300 SE Belmont Street",
                "website": "http://www.saintcupcake.com",
                "gluten free": "no",
                "open1": "Tuesday - Saturday, 10am - 7pm",
                "open2": "Sunday, 10am - 5pm"
            }
        },
        {
            "type": "Feature",
            "geometry": {
                "type": "Point",
                "coordinates": [
                    -122.68100559711456,
                    45.52538578303797
                ]
            },
            "properties": {
                "name": "Cupcake Jones",
                "address": "307 NW 10th Avenue",
                "website": "http://www.cupcakejones.net",
                "gluten free": "no",
                "open1": "Monday - Saturday, 10am - 8pm",
                "open2": "Sunday, 12pm - 6pm"
            }
        },
        {
            "type": "Feature",
            "geometry": {
                "type": "Point",
                "coordinates": [
                    -122.55831599235533,
                    45.519139183741025
                ]
            },
            "properties": {
                "name": "Meaty's Cupcakes",
                "address": "SE 102nd Avenue & Stark Street",
                "website": "http://www.meatyscupcakes.com/",
                "gluten free": "no",
                "open1": "Tuesday - Friday, 12pm - 5:30pm",
                "open2": "Satuday, 11am - 6pm"
            }
        },
        {
            "type": "Feature",
            "geometry": {
                "type": "Point",
                "coordinates": [
                    -122.653352022171,
                    45.519492499678165
                ]
            },
            "properties": {
                "name": "Sweetpea Baking Company",
                "address": "1205 SE Stark Avenue",
                "website": "http://www.sweetpeabaking.com/",
                "gluten free": "no",
                "open1": "Monday - Saturday, 8am - 6pm",
                "open2": "Sunday, 9am - 4:30pm"
            }
        },
        {
            "type": "Feature",
            "geometry": {
                "type": "Point",
                "coordinates": [
                    -122.58181214332579,
                    45.51924818570296
                ]
            },
            "properties": {
                "name": "Pastrygirl",
                "address": "7919 SE Stark Street",
                "website": "http://www.pastrygirl.com/",
                "gluten free": "yes",
                "open1": "Monday, Wednesday - Thursday, Sunday, 12pm - 8pm",
                "open2": "Friday - Saturday, 12pm - 9pm"
            }
        },
        {
            "type": "Feature",
            "geometry": {
                "type": "Point",
                "coordinates": [
                    -122.75367736816405,
                    45.39406531405191
                ]
            },
            "properties": {
                "name": "Sweetest Thing Cupcakes",
                "address": "7401 SW Bridgeport Road",
                "website": "http://www.sweetestthingcupcakes.com/",
                "gluten free": "no",
                "open1": "Monday - Saturday, 11am - 8pm",
                "open2": "Sunday, 11am - 6pm"
            }
        },
        {
            "type": "Feature",
            "geometry": {
                "type": "Point",
                "coordinates": [
                    -122.64221549034119,
                    45.558955944817846
                ]
            },
            "properties": {
                "name": "Back To Eden Bakery",
                "address": "2217 NE Alberta Street",
                "website": "http://www.backtoedenbakery.com/",
                "gluten free": "yes",
                "open1": "Monday - Sunday, 9am - 10pm"
            }
        },
        {
            "type": "Feature",
            "geometry": {
                "type": "Point",
                "coordinates": [
                    -122.61332273483278,
                    45.512140064005976
                ]
            },
            "properties": {
                "name": "JaCiva's Bakery",
                "address": "4733 SE Hawthorne Boulevard",
                "website": "http://www.jacivas.com/",
                "gluten free": "no",
                "open1": "Tuesday - Wednesday, 8am - 6pm",
                "open2": "Thursday - Saturday, 8am - 10pm"
            }
        },
        {
            "type": "Feature",
            "geometry": {
                "type": "Point",
                "coordinates": [
                    -122.64685034751892,
                    45.46271926919537
                ]
            },
            "properties": {
                "name": "Piece of Cake Catering & Desserts",
                "address": "8306 SE 17th Avenue",
                "website": "http://www.pieceofcakebakery.net/",
                "gluten free": "yes",
                "open1": "Monday - Friday, 9am - 6pm",
                "open2": "Satudray, 10am - 10:30pm"
            }
        },
        {
            "type": "Feature",
            "geometry": {
                "type": "Point",
                "coordinates": [
                    -122.83603191375732,
                    45.55420812072298
                ]
            },
            "properties": {
                "name": "Bliss Bake Shop",
                "address": "4708 NW Bethany Boulevard",
                "website": "http://www.blisscupcakeshop.com/",
                "gluten free": "no",
                "open1": "Tuesday - Saturday, 10am - 8pm",
                "open2": "Sunday, 11am - 5pm"
            }
        },
        {
            "type": "Feature",
            "geometry": {
                "type": "Point",
                "coordinates": [
                    -122.68370389938354,
                    45.521041049741065
                ]
            },
            "properties": {
                "name": "Petunia's Pies & Pastries",
                "address": "610 SW 12th Ave",
                "website": "http://www.petuniaspiesandpastries.com/",
                "gluten free": "yes",
                "open1": "Tuesday - Thursday, 9am - 9am",
                "open2": "Friday - Saturday, 9am - 10pm",
                "open3": "Sunday, 9am - 7pm"
            }
        },
        {
            "type": "Feature",
            "geometry": {
                "type": "Point",
                "coordinates": [
                    -122.65281021595001,
                    45.46230163469056
                ]
            },
            "properties": {
                "name": "Cravin Raven Bakery",
                "address": "8339 SE 13th Ave",
                "website": "http://www.cravinraven.com/",
                "gluten free": "yes",
                "open1": "Tuesday - Friday, 8am - 5pm",
                "open2": "Saturday, 9am - 3:30pm"
            }
        },
        {
            "type": "Feature",
            "geometry": {
                "type": "Point",
                "coordinates": [
                    -122.70069837570189,
                    45.53570881624427
                ]
            },
            "properties": {
                "name": "Le Cookie Monkey",
                "address": "1902 NW 24th Avenue",
                "website": "http://www.lecookiemonkey.com/",
                "gluten free": "no",
                "open1": "Tuesday - Friday, 9am - 3pm",
                "open2": "Saturday, 9am - 2pm"
            }
        },
        {
            "type": "Feature",
            "geometry": {
                "type": "Point",
                "coordinates": [
                    -122.6375323534012,
                    45.5219957171348
                ]
            },
            "properties": {
                "name": "Crema Coffee + Bakery",
                "address": "2728 SE Ankeny Street",
                "website": "http://www.cremabakery.com/",
                "gluten free": "no",
                "open1": "Monday - Sunday, 7am - 6pm"
            }
        },
        {
            "type": "Feature",
            "geometry": {
                "type": "Point",
                "coordinates": [
                    -122.60960519313811,
                    45.472775425296014
                ]
            },
            "properties": {
                "name": "Mehri's Bakery & Deli",
                "address": "6923 SE 52nd Avenue",
                "website": "http://www.mehris.com/",
                "gluten free": "no",
                "open1": "Monday - Friday, 7am - 7pm",
                "open2": "Saturday, 8am - 5pm",
                "open3": "Sunday, 8am - 2pm"
            }
        },
        {
            "type": "Feature",
            "geometry": {
                "type": "Point",
                "coordinates": [
                    -122.66754090785979,
                    45.420868964925425
                ]
            },
            "properties": {
                "name": "Crave Bake Shop",
                "address": "460 SW 5th Street, Lake Oswego, OR",
                "website": "http://www.cravebakeshop.com/",
                "gluten free": "yes",
                "open1": "Monday - Friday, 8am - 5pm",
                "open2": "Saturday, 8am - 4pm"
            }
        },
        {
            "type": "Feature",
            "geometry": {
                "type": "Point",
                "coordinates": [
                    -122.69459366798401,
                    45.47814324098898
                ]
            },
            "properties": {
                "name": "Baker & Spice",
                "address": "6330 SW Capitol Highway",
                "website": "http://www.bakerandspicebakery.com/",
                "gluten free": "no",
                "open1": "Tuesday - Friday, 6am - 6pm",
                "open2": "Saturday, 7am - 6pm",
                "open3": "Sunday, 7am - 3pm"
            }
        },
        {
            "type": "Feature",
            "geometry": {
                "type": "Point",
                "coordinates": [
                    -122.63399720191956,
                    45.55910242984629
                ]
            },
            "properties": {
                "name": "Dovetail Bakery",
                "address": "3039 NE Alberta Street",
                "website": "",
                "gluten free": "no",
                "open1": "Monday - Sunday, 8am - 6pm"
            }
        },
        {
            "type": "Feature",
            "geometry": {
                "type": "Point",
                "coordinates": [
                    -122.60735750198366,
                    45.49493552125543
                ]
            },
            "properties": {
                "name": "An Xuyen Bakery",
                "address": "5345 SE Foster Road",
                "website": "http://www.anxuyenbakery.com/",
                "gluten free": "no",
                "open1": "Tuesday - Saturday, 7am - 6pm",
                "open2": "Sunday, 7am - 3pm"
            }
        },
        {
            "type": "Feature",
            "geometry": {
                "type": "Point",
                "coordinates": [
                    -122.67304480075836,
                    45.62886472808596
                ]
            },
            "properties": {
                "name": "Treat",
                "address": "210 W Evergreen Boulevard, Vancouver, WA",
                "website": "http://www.treatvancouver.com/",
                "gluten free": "no",
                "open1": "Monday, 10am - 2pm",
                "open2": "Tuesday - Friday, 10am - 4pm"
            }
        },
        {
            "type": "Feature",
            "geometry": {
                "type": "Point",
                "coordinates": [
                    -122.75224506855011,
                    45.58925518745202
                ]
            },
            "properties": {
                "name": "Tulip Pastry Shop",
                "address": "8322 N Lombard Street",
                "website": "",
                "gluten free": "no",
                "open1": "Tuesday - Thursday, 7am - 3pm",
                "open2": "Friday, 7am - 5pm",
                "open3": "Saturday, 8am - 5pm"
            }
        },
        {
            "type": "Feature",
            "geometry": {
                "type": "Point",
                "coordinates": [
                    -122.64804661273958,
                    45.535175236649394
                ]
            },
            "properties": {
                "name": "Helen Bernhard Bakery",
                "address": "1717 NE Broadway Street",
                "website": "http://helenbernhardbakery.com",
                "gluten free": "no",
                "open1": "Monday - Saturday, 6am - 6pm",
                "open2": "Sunday, 8am - 3pm"
            }
        },
        {
            "type": "Feature",
            "geometry": {
                "type": "Point",
                "coordinates": [
                    -122.6093852519989,
                    45.5401764072742
                ]
            },
            "properties": {
                "name": "The Sugar Shop",
                "address": "5221 NE Sandy Boulevard",
                "website": "http://www.thesugarshoppdx.com",
                "gluten free": "no",
                "open1": "Monday - Sunday, 11am - 8pm"
            }
        },
        {
            "type": "Feature",
            "geometry": {
                "type": "Point",
                "coordinates": [
                    -122.66818463802336,
                    45.63190699466234
                ]
            },
            "properties": {
                "name": "Simply Sweets",
                "address": "316 E Mill Plain Boulevard, Vancouver, WA",
                "website": "http://www.simplysweetsbyjen.com",
                "gluten free": "no",
                "open1": "Monday - Saturday, 7am - 5pm"
            }
        },
        {
            "type": "Feature",
            "geometry": {
                "type": "Point",
                "coordinates": [
                    -122.639479637146,
                    45.50463252180637
                ]
            },
            "properties": {
                "name": "Little T American Baker",
                "address": "2600 SE Division Street",
                "website": "http://www.littletbaker.com",
                "gluten free": "no",
                "open1": "Monday - Saturday, 7am - 5pm",
                "open2": "Sunday, 8am - 2pm"
            }
        },
        {
            "type": "Feature",
            "geometry": {
                "type": "Point",
                "coordinates": [
                    -122.64595985412598,
                    45.525126461487346
                ]
            },
            "properties": {
                "name": "Girl Friday Bakery",
                "address": "1930 NE Everett",
                "website": "http://www.girlfridaybakery.com",
                "gluten free": "no",
                "open1": "Tuesday - Friday, 11:30am - 7pm",
                "open2": "Saturday, 10am - 7pm"
            }
        },
        {
            "type": "Feature",
            "geometry": {
                "type": "Point",
                "coordinates": [
                    -122.6740264892578,
                    45.52149959279444
                ]
            },
            "properties": {
                "name": "Blue Collar Baking Company",
                "address": "319 SW Pine Street",
                "website": "http://www.bluecollarbaking.com",
                "gluten free": "no",
                "open1": "Monday - Friday, 7am - 5:30pm",
                "open2": "Saturday, 7:30am - 3pm"
            }
        },
        {
            "type": "Feature",
            "geometry": {
                "type": "Point",
                "coordinates": [
                    -122.64928579330443,
                    45.48496606116473
                ]
            },
            "properties": {
                "name": "Keana's Candyland",
                "address": "5314 SE Milwaukie Avenue",
                "website": "http://www.keanascandyland.net",
                "gluten free": "no",
                "open1": "Monday - Saturday, 10am - 6pm"
            }
        },
        {
            "type": "Feature",
            "geometry": {
                "type": "Point",
                "coordinates": [
                    -122.79906034469604,
                    45.488568959152296
                ]
            },
            "properties": {
                "name": "The Dessert Tray",
                "address": "11950 SW Broadway Street, Beaverton, OR",
                "website": "http://www.thedesserttray.com",
                "gluten free": "no",
                "open1": "Tuesday - Friday, 7am - 6pm",
                "open2": "Saturday, 10am - 6pm"
            }
        },
        {
            "type": "Feature",
            "geometry": {
                "type": "Point",
                "coordinates": [
                    -122.66174197196959,
                    45.55900101717496
                ]
            },
            "properties": {
                "name": "Tula Gluten Free Bakery Cafe",
                "address": "4943 NE Martin Luther King Jr Boulevard",
                "website": "http://www.tulabaking.com",
                "gluten free": "yes",
                "open1": "Monday - Saturday, 7am - 6pm",
                "open2": "Sunday, 8am - 3pm"
            }
        },
        {
            "type": "Feature",
            "geometry": {
                "type": "Point",
                "coordinates": [
                    -122.6798951625824,
                    45.52384111093771
                ]
            },
            "properties": {
                "name": "Pearl Bakery",
                "address": "102 NW 9th Avenue",
                "website": "http://www.pearlbakery.com",
                "gluten free": "no",
                "open1": "Monday - Friday, 6:30am - 5:30pm",
                "open2": "Saturday, 7am - 5pm",
                "open3": "Sunday, 8am - 2pm"
            }
        },
        {
            "type": "Feature",
            "geometry": {
                "type": "Point",
                "coordinates": [
                    -122.61612296104431,
                    45.47901964727019
                ]
            },
            "properties": {
                "name": "Cloud City Ice Cream",
                "address": "4525 SE Woodstock Boulevard",
                "website": "",
                "gluten free": "no",
                "open1": "Monday - Thursday, Sunday, 12pm - 9pm",
                "open2": "Friday - Saturday, 12am - 10pm"
            }
        },
        {
            "type": "Feature",
            "geometry": {
                "type": "Point",
                "coordinates": [
                    -122.59338855743408,
                    45.58968689640516
                ]
            },
            "properties": {
                "name": "Beaverton Bakery",
                "address": "7000 NE Airport Way",
                "website": "http://www.beavertonbakery.com/",
                "gluten free": "no",
                "open1": "24 Hours"
            }
        },
        {
            "type": "Feature",
            "geometry": {
                "type": "Point",
                "coordinates": [
                    -122.57669985294343,
                    45.50169615004657
                ]
            },
            "properties": {
                "name": "Meianna Bakery",
                "address": "2850 SE 82nd Avenue",
                "website": "http://www.fubonn.com/",
                "gluten free": "no",
                "open1": "Monday - Sunday, 9am - 8pm"
            }
        },
        {
            "type": "Feature",
            "geometry": {
                "type": "Point",
                "coordinates": [
                    -122.72977352142334,
                    45.39249067018468
                ]
            },
            "properties": {
                "name": "Pizazz Sweets",
                "address": "18305 Timbergrove Court, Lake Oswego, OR",
                "website": "http://www.pizazzsweets.com/",
                "gluten free": "no",
                "open1": "Monday - Friday, 9am - 5pm"
            }
        },
        {
            "type": "Feature",
            "geometry": {
                "type": "Point",
                "coordinates": [
                    -122.69882082939148,
                    45.529185270420456
                ]
            },
            "properties": {
                "name": "Two Tarts Bakery",
                "address": "2309 NW Kearney Street",
                "website": "http://www.twotartsbakery.com/",
                "gluten free": "no",
                "open1": "Tuesday - Saturday, 10:30am - 6pm",
                "open2": "Sunday, 12pm - 5pm"
            }
        },
        {
            "type": "Feature",
            "geometry": {
                "type": "Point",
                "coordinates": [
                    -122.76646614074707,
                    45.4979399275852
                ]
            },
            "properties": {
                "name": "Emilie Dessert Cafe",
                "address": "8680 SW Canyon Road",
                "website": "http://www.emiliedessertcafe.com/",
                "gluten free": "no",
                "open1": "Monday, 7am - 5pm",
                "open2": "Tuesday - Saturday, 7am - 6pm"
            }
        },
        {
            "type": "Feature",
            "geometry": {
                "type": "Point",
                "coordinates": [
                    -122.67148375511168,
                    45.62809194356866
                ]
            },
            "properties": {
                "name": "Divine Bites",
                "address": "904 Main Street, Vancouver, WA",
                "website": "http://www.divineconsignfurniture.org/",
                "gluten free": "no",
                "open1": "Monday - Saturday, 10am - 5:30pm"
            }
        },
        {
            "type": "Feature",
            "geometry": {
                "type": "Point",
                "coordinates": [
                    -122.68094658851622,
                    45.52597582906827
                ]
            },
            "properties": {
                "name": "Nuvrei Patisserie & Cafe",
                "address": "404 NW 10th Avenue",
                "website": "http://www.nuvrei.com/",
                "gluten free": "no",
                "open1": "Monday - Saturday, 7am - 5pm",
                "open2": "Sunday, 8am - 5pm"
            }
        },
        {
            "type": "Feature",
            "geometry": {
                "type": "Point",
                "coordinates": [
                    -122.58917212486267,
                    45.47943339657168
                ]
            },
            "properties": {
                "name": "His Bakery",
                "address": "6011 SE 72nd Avenue",
                "website": "http://www.hisbakery.com/",
                "gluten free": "no",
                "open1": "Tuesday - Friday, 7am - 6pm",
                "open2": "Satuday, 8am - 1pm"
            }
        },
        {
            "type": "Feature",
            "geometry": {
                "type": "Point",
                "coordinates": [
                    -122.80373275279999,
                    45.4876325287077
                ]
            },
            "properties": {
                "name": "Beaverton Bakery",
                "address": "12375 SW Broadway Street, Beaverton, OR",
                "website": "http://www.beavertonbakery.com/",
                "gluten free": "no",
                "open1": "Monday - Saturday, 6am - 6pm",
                "open2": "Sunday, 8am - 4pm"
            }
        },
        {
            "type": "Feature",
            "geometry": {
                "type": "Point",
                "coordinates": [
                    -122.66060471534728,
                    45.5149706399291
                ]
            },
            "properties": {
                "name": "f&b cafe at Rejuvenation",
                "address": "1100 SE Grand Avenue",
                "website": "http://www.fandbcafe.com/",
                "gluten free": "no",
                "open1": "Monday - Friday, 7:30am - 3:30pm",
                "open2": "Saturday, 9am - 3:30pm",
                "open3": "Sunday, 11am - 3:30pm"
            }
        },
        {
            "type": "Feature",
            "geometry": {
                "type": "Point",
                "coordinates": [
                    -122.69449710845949,
                    45.53139494326566
                ]
            },
            "properties": {
                "name": "Anna Bannanas",
                "address": "1214 NW 21st Avenue",
                "website": "http://www.annabannanascafe.com/",
                "gluten free": "no",
                "open1": "Monday - Thursday, 7:30am - 11pm",
                "open2": "Friday, 7:30am - 12am",
                "open3": "Saturday, 8am - 12am",
                "open4": "Sunday, 8am - 11pm"
            }
        },
        {
            "type": "Feature",
            "geometry": {
                "type": "Point",
                "coordinates": [
                    -122.63514518737792,
                    45.52678008566456
                ]
            },
            "properties": {
                "name": "Bakery Bar",
                "address": "2935 NE Glisan Street",
                "website": "http://www.bakerybar.com/",
                "gluten free": "no",
                "open1": "Monday - Friday, 7am - 2pm",
                "open2": "Saturday - Sunday, 8am - 2pm"
            }
        },
        {
            "type": "Feature",
            "geometry": {
                "type": "Point",
                "coordinates": [
                    -122.84781217575073,
                    45.512128786526326
                ]
            },
            "properties": {
                "name": "Mireille's Bistro",
                "address": "16755 SW Baseline Road, Beaverton, OR",
                "website": "http://www.mireillesbistro.com/",
                "gluten free": "no",
                "open1": "Monday - Friday, 11am - 8pm",
                "open2": "Saturday, 9am - 8pm",
                "open3": "Sunday, 9am - 2:30pm"
            }
        },
        {
            "type": "Feature",
            "geometry": {
                "type": "Point",
                "coordinates": [
                    -122.67844676971436,
                    45.519909710321635
                ]
            },
            "properties": {
                "name": "Moonstruck Chocolate Cafe",
                "address": "608 SW Alder Street",
                "website": "http://www.moonstruckchocolate.com/",
                "gluten free": "no",
                "open1": "Monday - Friday, 8am - 6pm",
                "open2": "Saturday, 10am - 6pm",
                "open3": "Sunday, 10am - 5pm"
            }
        },
        {
            "type": "Feature",
            "geometry": {
                "type": "Point",
                "coordinates": [
                    -122.60202527046202,
                    45.505527313995394
                ]
            },
            "properties": {
                "name": "Rain or Shine Coffee House",
                "address": "5941 SE Division Street",
                "website": "http://www.rainorshinepdx.com/",
                "gluten free": "no",
                "open1": "Monday - Wednesday, Friday, 6am - 6pm",
                "open2": "Thursday, 6am - 8pm",
                "open3": "Saturday - Sunday, 7am - 6pm"
            }
        },
        {
            "type": "Feature",
            "geometry": {
                "type": "Point",
                "coordinates": [
                    -122.6983380317688,
                    45.52678008566456
                ]
            },
            "properties": {
                "name": "Moonstruck Chocolate Cafe",
                "address": "526 NW 23td Ave",
                "website": "http://www.moonstruckchocolate.com/",
                "gluten free": "no",
                "open1": "Monday - Thursday, 8am - 10pm",
                "open2": "Friday - Saturday, 8am - 11pm",
                "open3": "Sunday, 9am - 9pm"
            }
        },
        {
            "type": "Feature",
            "geometry": {
                "type": "Point",
                "coordinates": [
                    -122.65290677547455,
                    45.50090657453475
                ]
            },
            "properties": {
                "name": "Southeast Grind",
                "address": "1223 SE Powell Boulevard",
                "website": "http://www.southeastgrind.com/",
                "gluten free": "no",
                "open1": "Monday - Sunday, 6am - 6am"
            }
        },
        {
            "type": "Feature",
            "geometry": {
                "type": "Point",
                "coordinates": [
                    -122.65345931053162,
                    45.559211354363484
                ]
            },
            "properties": {
                "name": "The Black Cat Cafe",
                "address": "1203 NE Alberta Street",
                "website": "http://www.theblackcatcafe.com/",
                "gluten free": "no",
                "open1": "Monday - Friday, 6am - 10:30pm",
                "open2": "Saturday - Sunday, 7am - 10:30pm"
            }
        },
        {
            "type": "Feature",
            "geometry": {
                "type": "Point",
                "coordinates": [
                    -122.74428963661192,
                    45.39768908852392
                ]
            },
            "properties": {
                "name": "Beaverton Bakery",
                "address": "16857 SW 65th Avenue, Lake Oswego, OR",
                "website": "http://www.beavertonbakery.com/",
                "gluten free": "no",
                "open1": "Tuesday - Saturday, 7am - 5pm"
            }
        },
        {
            "type": "Feature",
            "geometry": {
                "type": "Point",
                "coordinates": [
                    -122.6866865158081,
                    45.58255388794284
                ]
            },
            "properties": {
                "name": "Posies Cafe",
                "address": "8208 N Denver Avenue",
                "website": "http://www.posiescafe.com/",
                "gluten free": "no",
                "open1": "Monday - Friday, 6:30am - 6pm",
                "open2": "Saturday - Sunday, 7:30am - 6pm"
            }
        },
        {
            "type": "Feature",
            "geometry": {
                "type": "Point",
                "coordinates": [
                    -122.65349686145782,
                    45.519939779437706
                ]
            },
            "properties": {
                "name": "Red and Black Cafe",
                "address": "400 SE 12th Avenue",
                "website": "http://www.redandblackcafe.com/",
                "gluten free": "no",
                "open1": "Monday - Sunday, 9am - 10pm"
            }
        },
        {
            "type": "Feature",
            "geometry": {
                "type": "Point",
                "coordinates": [
                    -122.68207311630249,
                    45.52665230734749
                ]
            },
            "properties": {
                "name": "Tea Zone and Camellia Lounge",
                "address": "510 NW 11th Avenue",
                "website": "http://www.teazone.com/",
                "gluten free": "no",
                "open1": "Monday, Sunday, 8am - 9pm",
                "open2": "Tuesday - Saturday, 8am - 10pm"
            }
        },
        {
            "type": "Feature",
            "geometry": {
                "type": "Point",
                "coordinates": [
                    -122.66837239265442,
                    45.64971838285422
                ]
            },
            "properties": {
                "name": "Latte Da Coffeehouse and Wine Bar",
                "address": "205 E 39th Street, Vancouver, WA",
                "website": "",
                "gluten free": "no",
                "open1": "Monday - Friday, 6:30am - 8pm",
                "open2": "Saturday - Sunday, 7am - 5pm"
            }
        },
        {
            "type": "Feature",
            "geometry": {
                "type": "Point",
                "coordinates": [
                    -122.47779071331023,
                    45.59811769426412
                ]
            },
            "properties": {
                "name": "Rose's Restaurant and Bakery",
                "address": "3205 SE 192nd Avenue, Vancouver, WA",
                "website": "http://www.eatatroses.com",
                "gluten free": "no",
                "open1": "Monday - Tuesday, 11am - 8pm",
                "open2": "Wednesday - Thursday, 11am - 9pm",
                "open3": "Friday, 11am - 10pm",
                "open4": "Saturday, 8am - 10pm",
                "open5": "Sunday, 8am - 8pm"
            }
        },
        {
            "type": "Feature",
            "geometry": {
                "type": "Point",
                "coordinates": [
                    -122.6266211271286,
                    45.376817182256275
                ]
            },
            "properties": {
                "name": "Cookies Cupcakes and More",
                "address": "2300 Tulane Street, West Linn, OR",
                "website": "http://www.gourmetcupcakebakery.com",
                "gluten free": "no",
                "open1": "Monday - Friday, 8am - 6pm"
            }
        },
        {
            "type": "Feature",
            "geometry": {
                "type": "Point",
                "coordinates": [
                    -122.6997435092926,
                    45.535318026051215
                ]
            },
            "properties": {
                "name": "St. Honore Bakery",
                "address": "2335 NW Thurman Street",
                "website": "http://www.sainthonorebakery.com",
                "gluten free": "no",
                "open1": "Monday - Sunday, 7am - 8pm"
            }
        },
        {
            "type": "Feature",
            "geometry": {
                "type": "Point",
                "coordinates": [
                    -122.6461958885193,
                    45.50449717385033
                ]
            },
            "properties": {
                "name": "New Seasons - Seven Corners",
                "address": "1954 SE Division Street",
                "website": "http://www.newseasonsmarket.com",
                "gluten free": "yes",
                "open1": "Monday - Sunday, 8am - 10pm"
            }
        },
        {
            "type": "Feature",
            "geometry": {
                "type": "Point",
                "coordinates": [
                    -122.68178880214691,
                    45.568901035343664
                ]
            },
            "properties": {
                "name": "New Seasons - Arbor Lodge",
                "address": "6400 N Interstate Avenue",
                "website": "http://www.newseasonsmarket.com",
                "gluten free": "yes",
                "open1": "Monday - Sunday, 8am - 10pm"
            }
        },
        {
            "type": "Feature",
            "geometry": {
                "type": "Point",
                "coordinates": [
                    -122.81283617019653,
                    45.49437523250434
                ]
            },
            "properties": {
                "name": "New Seasons - Cedar Hills",
                "address": "3495 SW Cedar Hills Boulevard, Beaverton, OR",
                "website": "http://www.newseasonsmarket.com",
                "gluten free": "yes",
                "open1": "Monday - Sunday, 8am - 10pm"
            }
        },
        {
            "type": "Feature",
            "geometry": {
                "type": "Point",
                "coordinates": [
                    -122.63016700744629,
                    45.56126210068768
                ]
            },
            "properties": {
                "name": "New Seasons - Concordia",
                "address": "5320 NE 33rd Avenue",
                "website": "http://www.newseasonsmarket.com",
                "gluten free": "yes",
                "open1": "Monday - Sunday, 8am - 10pm"
            }
        },
        {
            "type": "Feature",
            "geometry": {
                "type": "Point",
                "coordinates": [
                    -122.50489711761473,
                    45.60608187042506
                ]
            },
            "properties": {
                "name": "New Seasons - Fisher's Landing",
                "address": "2100B SE 164th Avenue, Vancouver, WA",
                "website": "http://www.newseasonsmarket.com",
                "gluten free": "yes",
                "open1": "Monday - Sunday, 8am - 10pm"
            }
        },
        {
            "type": "Feature",
            "geometry": {
                "type": "Point",
                "coordinates": [
                    -122.50045537948608,
                    45.428139196509015
                ]
            },
            "properties": {
                "name": "New Seasons - Happy Valley",
                "address": "15861 SE Happy Valley Town Center Drive, Happy Valley, OR",
                "website": "http://www.newseasonsmarket.com",
                "gluten free": "yes",
                "open1": "Monday - Sunday, 8am - 10pm"
            }
        },
        {
            "type": "Feature",
            "geometry": {
                "type": "Point",
                "coordinates": [
                    -122.62076854705809,
                    45.51182805290219
                ]
            },
            "properties": {
                "name": "New Seasons - Hawthorne",
                "address": "4034 SE Hawthorne Boulevard",
                "website": "http://www.newseasonsmarket.com",
                "gluten free": "yes",
                "open1": "Monday - Sunday, 8am - 10pm"
            }
        },
        {
            "type": "Feature",
            "geometry": {
                "type": "Point",
                "coordinates": [
                    -122.70436227321623,
                    45.43351502655651
                ]
            },
            "properties": {
                "name": "New Seasons - Mountain Park",
                "address": "3 Monroe Parkway, Lake Oswego, OR",
                "website": "http://www.newseasonsmarket.com",
                "gluten free": "yes",
                "open1": "Monday - Sunday, 8am - 10pm"
            }
        },
        {
            "type": "Feature",
            "geometry": {
                "type": "Point",
                "coordinates": [
                    -122.92043030261993,
                    45.534108062271166
                ]
            },
            "properties": {
                "name": "New Seasons - Orenco Station",
                "address": "1453 NE 61st Avenue, Hillsboro, OR",
                "website": "http://www.newseasonsmarket.com",
                "gluten free": "yes",
                "open1": "Monday - Sunday, 8am - 10pm"
            }
        },
        {
            "type": "Feature",
            "geometry": {
                "type": "Point",
                "coordinates": [
                    -122.82912790775298,
                    45.43042436330491
                ]
            },
            "properties": {
                "name": "New Seasons - Progress Ridge",
                "address": "14805 SW Barrows Road, Beaverton, OR",
                "website": "http://www.newseasonsmarket.com",
                "gluten free": "yes",
                "open1": "Monday - Sunday, 8am - 10pm"
            }
        },
        {
            "type": "Feature",
            "geometry": {
                "type": "Point",
                "coordinates": [
                    -122.75196075439453,
                    45.4854775513232
                ]
            },
            "properties": {
                "name": "New Seasons - Raleigh Hills",
                "address": "7300 SW Beaverton-Hillsdale Highway",
                "website": "http://www.newseasonsmarket.com",
                "gluten free": "yes",
                "open1": "Monday - Sunday, 8am - 10pm"
            }
        },
        {
            "type": "Feature",
            "geometry": {
                "type": "Point",
                "coordinates": [
                    -122.65368461608885,
                    45.46416403496971
                ]
            },
            "properties": {
                "name": "New Seasons - Sellwood",
                "address": "1214 SE Tacoma Street",
                "website": "http://www.newseasonsmarket.com",
                "gluten free": "yes",
                "open1": "Monday - Sunday, 8am - 10pm"
            }
        }
    ]
}