<?xml version="1.0"?>
<!--<!DOCTYPE metadata SYSTEM "http://www.esri.com/metadata/esriprof80.dtd">-->
<metadata xml:lang="en"><Esri><CreaDate>20080528</CreaDate><CreaTime>09115800</CreaTime><SyncOnce>FALSE</SyncOnce><SyncDate>20120120</SyncDate><SyncTime>11405500</SyncTime><ModDate>20120120</ModDate><ModTime>11405500</ModTime><DataProperties><lineage><Process ToolSource="C:\Program Files\ArcGIS\ArcToolbox\Toolboxes\Data Management Tools.tbx\CopyFeatures" Date="20060621" Time="153405">CopyFeatures "P:\Planning Shared\GIS\PropertyFacilityGISdata\recparkfacilities091004.mdb\RPD_0406" "Database Connections\Connection to rpdsql_dev.sde\sde.SDE.RPD_0406" # 0 0 0</Process><Process Name="UnregisterAsVersioned_2" ToolSource="C:\Program Files\ArcGIS\ArcToolbox\Toolboxes\Data Management Tools.tbx\UnregisterAsVersioned" Date="20060908" Time="144324">UnregisterAsVersioned "Database Connections\Connection to rpdsql_dev.sde\sde.SDE.RPD_Properties" KEEP_EDIT "Database Connections\Connection to rpdsql_dev.sde\sde.SDE.RPD_Properties"</Process><Process Name="RegisterAsVersioned_5" ToolSource="C:\Program Files\ArcGIS\ArcToolbox\Toolboxes\Data Management Tools.tbx\RegisterAsVersioned" Date="20060908" Time="144453">RegisterAsVersioned "Database Connections\Connection to rpdsql_dev.sde\sde.SDE.RPD_Properties" "Database Connections\Connection to rpdsql_dev.sde\sde.SDE.RPD_Properties"</Process><Process Name="RegisterAsVersioned_5" ToolSource="C:\Program Files\ArcGIS\ArcToolbox\Toolboxes\Data Management Tools.tbx\RegisterAsVersioned" Date="20060915" Time="134540">RegisterAsVersioned "Database Connections\Connection to rpdsql_dev.sde\sde.SDE.RPD_Properties" "Database Connections\Connection to rpdsql_dev.sde\sde.SDE.RPD_Properties"</Process><Process ToolSource="C:\Program Files\ArcGIS\ArcToolbox\Toolboxes\Data Management Tools.tbx\CopyFeatures" Date="20070125" Time="103737">CopyFeatures "Database Connections\GIS.sde\sde.SDE.RPD_Properties" "P:\Planning Shared\GIS\PropertyFacilityGISdata\recparkfacilities091004.mdb\sde_SDE_RPD_Properties" # 0 0 0</Process><Process ToolSource="C:\Program Files\ArcGIS\ArcToolbox\Toolboxes\Data Management Tools.tbx\CopyFeatures" Date="20070501" Time="100129">CopyFeatures "P:\Planning Shared\GIS\PropertyFacilityGISdata\recparkfacilities091004.mdb\GIS_Properties" "Database Connections\RPDDEV.sde\SDE.SDE.GIS_Properties" # 0 0 0</Process><Process Name="Merge_1" ToolSource="C:\Program Files\ArcGIS\ArcToolbox\Toolboxes\Data Management Tools.tbx\Merge" Date="20080529" Time="093102">Merge RPDParksSeanStasio;RPDPropertiesSeanStasio;NonRPDParksSeanStasio;PortOpenSpace;PrivateOpenSpaces I:\GIS\Citywide\core_data\OpenSpace\OpenSpace.mdb\OpenSpacePolygons "SOURCE SOURCE true false false 50 Text 0 0 ,First,#,RPDParksSeanStasio,SOURCE,-1,-1,RPDPropertiesSeanStasio,SOURCE,-1,-1,NonRPDParksSeanStasio,SOURCE,-1,-1,PortOpenSpace,SOURCE,-1,-1,PrivateOpenSpaces,SOURCE,-1,-1;COLLECTED COLLECTED true false false 50 Text 0 0 ,First,#,RPDParksSeanStasio,COLLECTED,-1,-1,RPDPropertiesSeanStasio,COLLECTED,-1,-1,NonRPDParksSeanStasio,COLLECTED,-1,-1,PortOpenSpace,COLLECTED,-1,-1,PrivateOpenSpaces,COLLECTED,-1,-1;NAME NAME true false false 50 Text 0 0 ,First,#,RPDParksSeanStasio,NAME,-1,-1,RPDPropertiesSeanStasio,NAME,-1,-1,NonRPDParksSeanStasio,NAME,-1,-1,PortOpenSpace,NAME,-1,-1,PrivateOpenSpaces,NAME,-1,-1;OWNER OWNER true false false 50 Text 0 0 ,First,#,RPDParksSeanStasio,OWNER,-1,-1,RPDPropertiesSeanStasio,OWNER,-1,-1,NonRPDParksSeanStasio,OWNER,-1,-1,PortOpenSpace,OWNER,-1,-1,PrivateOpenSpaces,OWNER,-1,-1;ADDRESS ADDRESS true false false 50 Text 0 0 ,First,#,PrivateOpenSpaces,ADDRESS,-1,-1"</Process><Process ToolSource="C:\Program Files\ArcGIS\ArcToolbox\Toolboxes\Data Management Tools.tbx\Append" Date="20080908" Time="140800">Append StreetParkPolygons2 OpenSpacePolygons NO_TEST "SOURCE 'SOURCE' true true false 50 Text 0 0 ,First,#;COLLECTED 'COLLECTED' true true false 50 Text 0 0 ,First,#;NAME 'NAME' true true false 50 Text 0 0 ,First,#,I:\GIS\Citywide\projects\city\20080225_ROSE\20080908_StreetParks\StreetParkPolygons2.shp,Name,-1,-1;OWNER 'OWNER' true true false 50 Text 0 0 ,First,#;ADDRESS 'ADDRESS' true true false 50 Text 0 0 ,First,#;Shape_Length 'Shape_Length' false true true 8 Double 0 0 ,First,#;Shape_Area 'Shape_Area' false true true 8 Double 0 0 ,First,#;MWID 'MWID' true true false 2 Short 0 0 ,First,#;MAPBLKLOT 'MAPBLKLOT' true true false 9 Text 0 0 ,First,#;Notes 'Notes' true true false 2147483647 Text 0 0 ,First,#,I:\GIS\Citywide\projects\city\20080225_ROSE\20080908_StreetParks\StreetParkPolygons2.shp,NOTES,-1,-1;Status 'Status' true true false 10 Text 0 0 ,First,#;ACCESS 'ACCESS' true true false 50 Text 0 0 ,First,#;SEATING 'SEATING' true true false 50 Text 0 0 ,First,#;LANDSCAPING 'LANDSCAPING' true true false 50 Text 0 0 ,First,#;FOOD 'FOOD' true true false 50 Text 0 0 ,First,#;SUNWIND 'SUNWIND' true true false 50 Text 0 0 ,First,#;AVAILABILITY 'AVAILABILITY' true true false 50 Text 0 0 ,First,#;RESTROOM 'RESTROOM' true true false 50 Text 0 0 ,First,#;SIGNAGE 'SIGNAGE' true true false 50 Text 0 0 ,First,#" # OpenSpacePolygons</Process><Process ToolSource="C:\Program Files\ArcGIS\ArcToolbox\Toolboxes\Data Management Tools.tbx\Append" Date="20090102" Time="133604">Append schools OpenSpacePolygons NO_TEST "SOURCE 'SOURCE' true true false 50 Text 0 0 ,First,#;COLLECTED 'COLLECTED' true true false 50 Text 0 0 ,First,#;NAME 'NAME' true true false 50 Text 0 0 ,First,#,E:\mw\gis_data\scratch\fri\schools.shp,Name,-1,-1;OWNER 'OWNER' true true false 50 Text 0 0 ,First,#;ADDRESS 'ADDRESS' true true false 50 Text 0 0 ,First,#;Shape_Length 'Shape_Length' false true true 8 Double 0 0 ,First,#;Shape_Area 'Shape_Area' false true true 8 Double 0 0 ,First,#;MWID 'MWID' true true false 2 Short 0 0 ,First,#;MAPBLKLOT 'MAPBLKLOT' true true false 9 Text 0 0 ,First,#;Notes 'Notes' true true false 2147483647 Text 0 0 ,First,#;Status 'Status' true true false 10 Text 0 0 ,First,#;ACCESS 'ACCESS' true true false 50 Text 0 0 ,First,#;SEATING 'SEATING' true true false 50 Text 0 0 ,First,#;LANDSCAPING 'LANDSCAPING' true true false 50 Text 0 0 ,First,#;FOOD 'FOOD' true true false 50 Text 0 0 ,First,#;SUNWIND 'SUNWIND' true true false 50 Text 0 0 ,First,#;AVAILABILITY 'AVAILABILITY' true true false 50 Text 0 0 ,First,#;RESTROOM 'RESTROOM' true true false 50 Text 0 0 ,First,#;SIGNAGE 'SIGNAGE' true true false 50 Text 0 0 ,First,#;ACRES 'ACRES' true true false 8 Double 0 0 ,First,#" # OpenSpacePolygons</Process><Process ToolSource="C:\Program Files\ArcGIS\ArcToolbox\Toolboxes\Data Management Tools.tbx\Append" Date="20090128" Time="135409">Append TreasureIslandOpenSpace OpenSpacePolygons NO_TEST "SOURCE 'SOURCE' true true false 50 Text 0 0 ,First,#;COLLECTED 'COLLECTED' true true false 50 Text 0 0 ,First,#;NAME 'NAME' true true false 50 Text 0 0 ,First,#,I:\GIS\Citywide\projects\city\20080225_ROSE\20090128_TIAddition\TreasureIslandOpenSpace.shp,NAME,-1,-1;OWNER 'OWNER' true true false 50 Text 0 0 ,First,#;ADDRESS 'ADDRESS' true true false 50 Text 0 0 ,First,#;Shape_Length 'Shape_Length' false true true 8 Double 0 0 ,First,#;Shape_Area 'Shape_Area' false true true 8 Double 0 0 ,First,#;MWID 'MWID' true true false 2 Short 0 0 ,First,#;MAPBLKLOT 'MAPBLKLOT' true true false 9 Text 0 0 ,First,#;Notes 'Notes' true true false 2147483647 Text 0 0 ,First,#;Status 'Status' true true false 10 Text 0 0 ,First,#;ACCESS 'ACCESS' true true false 50 Text 0 0 ,First,#;SEATING 'SEATING' true true false 50 Text 0 0 ,First,#;LANDSCAPING 'LANDSCAPING' true true false 50 Text 0 0 ,First,#;FOOD 'FOOD' true true false 50 Text 0 0 ,First,#;SUNWIND 'SUNWIND' true true false 50 Text 0 0 ,First,#;AVAILABILITY 'AVAILABILITY' true true false 50 Text 0 0 ,First,#;RESTROOM 'RESTROOM' true true false 50 Text 0 0 ,First,#;SIGNAGE 'SIGNAGE' true true false 50 Text 0 0 ,First,#;ACRES 'ACRES' true true false 8 Double 0 0 ,First,#" # OpenSpacePolygons</Process><Process ToolSource="C:\Program Files\ArcGIS\ArcToolbox\Toolboxes\Data Management Tools.tbx\Append" Date="20090408" Time="102039">Append GGPMPPlaygrounds OpenSpacePolygons NO_TEST "SOURCE 'SOURCE' true true false 50 Text 0 0 ,First,#;COLLECTED 'COLLECTED' true true false 50 Text 0 0 ,First,#;NAME 'NAME' true true false 50 Text 0 0 ,First,#;OWNER 'OWNER' true true false 50 Text 0 0 ,First,#;ADDRESS 'ADDRESS' true true false 50 Text 0 0 ,First,#;Shape_Length 'Shape_Length' false true true 8 Double 0 0 ,First,#;Shape_Area 'Shape_Area' false true true 8 Double 0 0 ,First,#;MAPBLKLOT 'MAPBLKLOT' true true false 9 Text 0 0 ,First,#;Notes 'Notes' true true false 2147483647 Text 0 0 ,First,#;Status 'Status' true true false 10 Text 0 0 ,First,#;ACCESS 'ACCESS' true true false 50 Text 0 0 ,First,#;SEATING 'SEATING' true true false 50 Text 0 0 ,First,#;LANDSCAPING 'LANDSCAPING' true true false 50 Text 0 0 ,First,#;FOOD 'FOOD' true true false 50 Text 0 0 ,First,#;SUNWIND 'SUNWIND' true true false 50 Text 0 0 ,First,#;AVAILABILITY 'AVAILABILITY' true true false 50 Text 0 0 ,First,#;RESTROOM 'RESTROOM' true true false 50 Text 0 0 ,First,#;SIGNAGE 'SIGNAGE' true true false 50 Text 0 0 ,First,#;ACRES 'ACRES' true true false 8 Double 0 0 ,First,#;ACTIVE 'ACTIVE' true true false 1 Text 0 0 ,First,#;PASSIVE 'PASSIVE' true true false 1 Text 0 0 ,First,#;PLAYGROUND 'PLAYGROUND' true true false 1 Text 0 0 ,First,#;OSID 'OSID' true true false 9 Text 0 0 ,First,#;symbol 'symbol' true true false 20 Text 0 0 ,First,#" # OpenSpacePolygons</Process><Process ToolSource="C:\Program Files\ArcGIS\ArcToolbox\Toolboxes\Data Management Tools.tbx\Append" Date="20090408" Time="160355">Append Linear OpenSpacePolygons NO_TEST "SOURCE 'SOURCE' true true false 50 Text 0 0 ,First,#;COLLECTED 'COLLECTED' true true false 50 Text 0 0 ,First,#;NAME 'NAME' true true false 50 Text 0 0 ,First,#,E:\mw\gis_data\scratch\wed\Linear.shp,NAME,-1,-1;OWNER 'OWNER' true true false 50 Text 0 0 ,First,#;ADDRESS 'ADDRESS' true true false 50 Text 0 0 ,First,#;Shape_Length 'Shape_Length' false true true 8 Double 0 0 ,First,#;Shape_Area 'Shape_Area' false true true 8 Double 0 0 ,First,#;MAPBLKLOT 'MAPBLKLOT' true true false 9 Text 0 0 ,First,#;Notes 'Notes' true true false 2147483647 Text 0 0 ,First,#;Status 'Status' true true false 10 Text 0 0 ,First,#;ACCESS 'ACCESS' true true false 50 Text 0 0 ,First,#;SEATING 'SEATING' true true false 50 Text 0 0 ,First,#;LANDSCAPING 'LANDSCAPING' true true false 50 Text 0 0 ,First,#;FOOD 'FOOD' true true false 50 Text 0 0 ,First,#;SUNWIND 'SUNWIND' true true false 50 Text 0 0 ,First,#;AVAILABILITY 'AVAILABILITY' true true false 50 Text 0 0 ,First,#;RESTROOM 'RESTROOM' true true false 50 Text 0 0 ,First,#;SIGNAGE 'SIGNAGE' true true false 50 Text 0 0 ,First,#;ACRES 'ACRES' true true false 8 Double 0 0 ,First,#;ACTIVE 'ACTIVE' true true false 1 Text 0 0 ,First,#;PASSIVE 'PASSIVE' true true false 1 Text 0 0 ,First,#;PLAYGROUND 'PLAYGROUND' true true false 1 Text 0 0 ,First,#;OSID 'OSID' true true false 9 Text 0 0 ,First,#;symbol 'symbol' true true false 20 Text 0 0 ,First,#;Sports 'Sports' true true false 1 Text 0 0 ,First,#" # OpenSpacePolygons</Process><Process ToolSource="C:\Program Files\ArcGIS\ArcToolbox\Toolboxes\Data Management Tools.tbx\Append" Date="20090424" Time="083705">Append SFPUC_OS OpenSpacePolygons NO_TEST "SOURCE 'SOURCE' true true false 50 Text 0 0 ,First,#;COLLECTED 'COLLECTED' true true false 50 Text 0 0 ,First,#;NAME 'NAME' true true false 50 Text 0 0 ,First,#,I:\GIS\Citywide\projects\city\20080225_ROSE\20090423_SFPUC\SFPUC_OS.shp,NAME,-1,-1;OWNER 'OWNER' true true false 50 Text 0 0 ,First,#,I:\GIS\Citywide\projects\city\20080225_ROSE\20090423_SFPUC\SFPUC_OS.shp,OWNER,-1,-1;ADDRESS 'ADDRESS' true true false 50 Text 0 0 ,First,#;Shape_Length 'Shape_Length' false true true 8 Double 0 0 ,First,#;Shape_Area 'Shape_Area' false true true 8 Double 0 0 ,First,#;MAPBLKLOT 'MAPBLKLOT' true true false 9 Text 0 0 ,First,#;Notes 'Notes' true true false 2147483647 Text 0 0 ,First,#;Status 'Status' true true false 10 Text 0 0 ,First,#;ACCESS 'ACCESS' true true false 50 Text 0 0 ,First,#;SEATING 'SEATING' true true false 50 Text 0 0 ,First,#;LANDSCAPING 'LANDSCAPING' true true false 50 Text 0 0 ,First,#;FOOD 'FOOD' true true false 50 Text 0 0 ,First,#;SUNWIND 'SUNWIND' true true false 50 Text 0 0 ,First,#;AVAILABILITY 'AVAILABILITY' true true false 50 Text 0 0 ,First,#;RESTROOM 'RESTROOM' true true false 50 Text 0 0 ,First,#;SIGNAGE 'SIGNAGE' true true false 50 Text 0 0 ,First,#;ACRES 'ACRES' true true false 8 Double 0 0 ,First,#;ACTIVE 'ACTIVE' true true false 1 Text 0 0 ,First,#;PASSIVE 'PASSIVE' true true false 1 Text 0 0 ,First,#;PLAYGROUND 'PLAYGROUND' true true false 1 Text 0 0 ,First,#;OSID 'OSID' true true false 9 Text 0 0 ,First,#;symbol 'symbol' true true false 20 Text 0 0 ,First,#;Sports 'Sports' true true false 1 Text 0 0 ,First,#" # OpenSpacePolygons</Process><Process ToolSource="C:\Program Files\ArcGIS\ArcToolbox\Toolboxes\Data Management Tools.tbx\Append" Date="20090424" Time="101700">Append LHOpportunitySite OpenSpacePolygons NO_TEST "SOURCE 'SOURCE' true true false 50 Text 0 0 ,First,#;COLLECTED 'COLLECTED' true true false 50 Text 0 0 ,First,#;NAME 'NAME' true true false 50 Text 0 0 ,First,#,E:\mw\gis_data\scratch\fri\LHOpportunitySite.shp,NAME,-1,-1;OWNER 'OWNER' true true false 50 Text 0 0 ,First,#,E:\mw\gis_data\scratch\fri\LHOpportunitySite.shp,OWNER,-1,-1;ADDRESS 'ADDRESS' true true false 50 Text 0 0 ,First,#;Shape_Length 'Shape_Length' false true true 8 Double 0 0 ,First,#;Shape_Area 'Shape_Area' false true true 8 Double 0 0 ,First,#;MAPBLKLOT 'MAPBLKLOT' true true false 9 Text 0 0 ,First,#;Notes 'Notes' true true false 2147483647 Text 0 0 ,First,#;Status 'Status' true true false 10 Text 0 0 ,First,#,E:\mw\gis_data\scratch\fri\LHOpportunitySite.shp,STATUS,-1,-1;ACCESS 'ACCESS' true true false 50 Text 0 0 ,First,#;SEATING 'SEATING' true true false 50 Text 0 0 ,First,#;LANDSCAPING 'LANDSCAPING' true true false 50 Text 0 0 ,First,#;FOOD 'FOOD' true true false 50 Text 0 0 ,First,#;SUNWIND 'SUNWIND' true true false 50 Text 0 0 ,First,#;AVAILABILITY 'AVAILABILITY' true true false 50 Text 0 0 ,First,#;RESTROOM 'RESTROOM' true true false 50 Text 0 0 ,First,#;SIGNAGE 'SIGNAGE' true true false 50 Text 0 0 ,First,#;ACRES 'ACRES' true true false 8 Double 0 0 ,First,#;ACTIVE 'ACTIVE' true true false 1 Text 0 0 ,First,#;PASSIVE 'PASSIVE' true true false 1 Text 0 0 ,First,#;PLAYGROUND 'PLAYGROUND' true true false 1 Text 0 0 ,First,#;OSID 'OSID' true true false 9 Text 0 0 ,First,#;symbol 'symbol' true true false 20 Text 0 0 ,First,#;Sports 'Sports' true true false 1 Text 0 0 ,First,#" # OpenSpacePolygons</Process><Process ToolSource="C:\Program Files\ArcGIS\ArcToolbox\Toolboxes\Data Management Tools.tbx\Append" Date="20090721" Time="083230">Append Levi OpenSpacePolygons NO_TEST "SOURCE 'SOURCE' true true false 50 Text 0 0 ,First,#;COLLECTED 'COLLECTED' true true false 50 Text 0 0 ,First,#;NAME 'NAME' true true false 50 Text 0 0 ,First,#;OWNER 'OWNER' true true false 50 Text 0 0 ,First,#;ADDRESS 'ADDRESS' true true false 50 Text 0 0 ,First,#;Shape_Length 'Shape_Length' false true true 8 Double 0 0 ,First,#;Shape_Area 'Shape_Area' false true true 8 Double 0 0 ,First,#,E:\mw\crap\scratch\mon\Levi.shp,SHAPE_AREA,-1,-1;MAPBLKLOT 'MAPBLKLOT' true true false 9 Text 0 0 ,First,#;Notes 'Notes' true true false 2147483647 Text 0 0 ,First,#;Status 'Status' true true false 10 Text 0 0 ,First,#;ACCESS 'ACCESS' true true false 50 Text 0 0 ,First,#;SEATING 'SEATING' true true false 50 Text 0 0 ,First,#;LANDSCAPING 'LANDSCAPING' true true false 50 Text 0 0 ,First,#;FOOD 'FOOD' true true false 50 Text 0 0 ,First,#;SUNWIND 'SUNWIND' true true false 50 Text 0 0 ,First,#;AVAILABILITY 'AVAILABILITY' true true false 50 Text 0 0 ,First,#;RESTROOM 'RESTROOM' true true false 50 Text 0 0 ,First,#;SIGNAGE 'SIGNAGE' true true false 50 Text 0 0 ,First,#;ACRES 'ACRES' true true false 8 Double 0 0 ,First,#;ACTIVE 'ACTIVE' true true false 1 Text 0 0 ,First,#;PASSIVE 'PASSIVE' true true false 1 Text 0 0 ,First,#;PLAYGROUND 'PLAYGROUND' true true false 1 Text 0 0 ,First,#;OSID 'OSID' true true false 9 Text 0 0 ,First,#;symbol 'symbol' true true false 20 Text 0 0 ,First,#,E:\mw\crap\scratch\mon\Levi.shp,SYMBOL,-1,-1;Sports 'Sports' true true false 1 Text 0 0 ,First,#" # OpenSpacePolygons</Process><Process ToolSource="C:\Program Files\ArcGIS\ArcToolbox\Toolboxes\Data Management Tools.tbx\Append" Date="20090721" Time="085520">Append LeviMulti OpenSpacePolygons NO_TEST "SOURCE 'SOURCE' true true false 50 Text 0 0 ,First,#;COLLECTED 'COLLECTED' true true false 50 Text 0 0 ,First,#;NAME 'NAME' true true false 50 Text 0 0 ,First,#;OWNER 'OWNER' true true false 50 Text 0 0 ,First,#;ADDRESS 'ADDRESS' true true false 50 Text 0 0 ,First,#;Shape_Length 'Shape_Length' false true true 8 Double 0 0 ,First,#;Shape_Area 'Shape_Area' false true true 8 Double 0 0 ,First,#;MAPBLKLOT 'MAPBLKLOT' true true false 9 Text 0 0 ,First,#;Notes 'Notes' true true false 2147483647 Text 0 0 ,First,#;Status 'Status' true true false 10 Text 0 0 ,First,#;ACCESS 'ACCESS' true true false 50 Text 0 0 ,First,#;SEATING 'SEATING' true true false 50 Text 0 0 ,First,#;LANDSCAPING 'LANDSCAPING' true true false 50 Text 0 0 ,First,#;FOOD 'FOOD' true true false 50 Text 0 0 ,First,#;SUNWIND 'SUNWIND' true true false 50 Text 0 0 ,First,#;AVAILABILITY 'AVAILABILITY' true true false 50 Text 0 0 ,First,#;RESTROOM 'RESTROOM' true true false 50 Text 0 0 ,First,#;SIGNAGE 'SIGNAGE' true true false 50 Text 0 0 ,First,#;ACRES 'ACRES' true true false 8 Double 0 0 ,First,#;ACTIVE 'ACTIVE' true true false 1 Text 0 0 ,First,#;PASSIVE 'PASSIVE' true true false 1 Text 0 0 ,First,#;PLAYGROUND 'PLAYGROUND' true true false 1 Text 0 0 ,First,#;OSID 'OSID' true true false 9 Text 0 0 ,First,#;symbol 'symbol' true true false 20 Text 0 0 ,First,#;Sports 'Sports' true true false 1 Text 0 0 ,First,#" # OpenSpacePolygons</Process><Process ToolSource="C:\Program Files\ArcGIS\ArcToolbox\Toolboxes\Conversion Tools.tbx\FeatureClassToFeatureClass" Date="20100916" Time="143643">FeatureClassToFeatureClass I:\GIS\Citywide\core_data\OpenSpace\OpenSpace.mdb\OpenSpacePolygons "Database Connections\Planning Dept SDE w GISDATA.sde\GISDATA.Parks_and_Trees" OpenSpacesPolygons # "SOURCE 'SOURCE' true true false 50 Text 0 0 ,First,#,I:\GIS\Citywide\core_data\OpenSpace\OpenSpace.mdb\OpenSpacePolygons,SOURCE,-1,-1;COLLECTED 'COLLECTED' true true false 50 Text 0 0 ,First,#,I:\GIS\Citywide\core_data\OpenSpace\OpenSpace.mdb\OpenSpacePolygons,COLLECTED,-1,-1;NAME 'NAME' true true false 50 Text 0 0 ,First,#,I:\GIS\Citywide\core_data\OpenSpace\OpenSpace.mdb\OpenSpacePolygons,NAME,-1,-1;OWNER 'OWNER' true true false 50 Text 0 0 ,First,#,I:\GIS\Citywide\core_data\OpenSpace\OpenSpace.mdb\OpenSpacePolygons,OWNER,-1,-1;ADDRESS 'ADDRESS' true true false 50 Text 0 0 ,First,#,I:\GIS\Citywide\core_data\OpenSpace\OpenSpace.mdb\OpenSpacePolygons,ADDRESS,-1,-1;MAPBLKLOT 'MAPBLKLOT' true true false 9 Text 0 0 ,First,#,I:\GIS\Citywide\core_data\OpenSpace\OpenSpace.mdb\OpenSpacePolygons,MAPBLKLOT,-1,-1;Notes 'Notes' true true false 2147483647 Text 0 0 ,First,#,I:\GIS\Citywide\core_data\OpenSpace\OpenSpace.mdb\OpenSpacePolygons,Notes,-1,-1;Status 'Status' true true false 10 Text 0 0 ,First,#,I:\GIS\Citywide\core_data\OpenSpace\OpenSpace.mdb\OpenSpacePolygons,Status,-1,-1;ACCESS_ 'ACCESS_' true true false 50 Text 0 0 ,First,#,I:\GIS\Citywide\core_data\OpenSpace\OpenSpace.mdb\OpenSpacePolygons,ACCESS,-1,-1;SEATING 'SEATING' true true false 50 Text 0 0 ,First,#,I:\GIS\Citywide\core_data\OpenSpace\OpenSpace.mdb\OpenSpacePolygons,SEATING,-1,-1;LANDSCAPING 'LANDSCAPING' true true false 50 Text 0 0 ,First,#,I:\GIS\Citywide\core_data\OpenSpace\OpenSpace.mdb\OpenSpacePolygons,LANDSCAPING,-1,-1;FOOD 'FOOD' true true false 50 Text 0 0 ,First,#,I:\GIS\Citywide\core_data\OpenSpace\OpenSpace.mdb\OpenSpacePolygons,FOOD,-1,-1;SUNWIND 'SUNWIND' true true false 50 Text 0 0 ,First,#,I:\GIS\Citywide\core_data\OpenSpace\OpenSpace.mdb\OpenSpacePolygons,SUNWIND,-1,-1;AVAILABILITY 'AVAILABILITY' true true false 50 Text 0 0 ,First,#,I:\GIS\Citywide\core_data\OpenSpace\OpenSpace.mdb\OpenSpacePolygons,AVAILABILITY,-1,-1;RESTROOM 'RESTROOM' true true false 50 Text 0 0 ,First,#,I:\GIS\Citywide\core_data\OpenSpace\OpenSpace.mdb\OpenSpacePolygons,RESTROOM,-1,-1;SIGNAGE 'SIGNAGE' true true false 50 Text 0 0 ,First,#,I:\GIS\Citywide\core_data\OpenSpace\OpenSpace.mdb\OpenSpacePolygons,SIGNAGE,-1,-1;ACRES 'ACRES' true true false 8 Double 0 0 ,First,#,I:\GIS\Citywide\core_data\OpenSpace\OpenSpace.mdb\OpenSpacePolygons,ACRES,-1,-1;ACTIVE 'ACTIVE' true true false 1 Text 0 0 ,First,#,I:\GIS\Citywide\core_data\OpenSpace\OpenSpace.mdb\OpenSpacePolygons,ACTIVE,-1,-1;PASSIVE 'PASSIVE' true true false 1 Text 0 0 ,First,#,I:\GIS\Citywide\core_data\OpenSpace\OpenSpace.mdb\OpenSpacePolygons,PASSIVE,-1,-1;PLAYGROUND 'PLAYGROUND' true true false 1 Text 0 0 ,First,#,I:\GIS\Citywide\core_data\OpenSpace\OpenSpace.mdb\OpenSpacePolygons,PLAYGROUND,-1,-1;OSID 'OSID' true true false 9 Text 0 0 ,First,#,I:\GIS\Citywide\core_data\OpenSpace\OpenSpace.mdb\OpenSpacePolygons,OSID,-1,-1;symbol 'symbol' true true false 20 Text 0 0 ,First,#,I:\GIS\Citywide\core_data\OpenSpace\OpenSpace.mdb\OpenSpacePolygons,symbol,-1,-1;Sports 'Sports' true true false 1 Text 0 0 ,First,#,I:\GIS\Citywide\core_data\OpenSpace\OpenSpace.mdb\OpenSpacePolygons,Sports,-1,-1;EIR 'EIR' true true false 30 Text 0 0 ,First,#,I:\GIS\Citywide\core_data\OpenSpace\OpenSpace.mdb\OpenSpacePolygons,EIR,-1,-1;Temp 'Temp' true true false 2 Short 0 0 ,First,#,I:\GIS\Citywide\core_data\OpenSpace\OpenSpace.mdb\OpenSpacePolygons,Temp,-1,-1;x 'x' true true false 8 Double 0 0 ,First,#,I:\GIS\Citywide\core_data\OpenSpace\OpenSpace.mdb\OpenSpacePolygons,x,-1,-1;y 'y' true true false 8 Double 0 0 ,First,#,I:\GIS\Citywide\core_data\OpenSpace\OpenSpace.mdb\OpenSpacePolygons,y,-1,-1" SMALLGIS "Database Connections\Planning Dept SDE w GISDATA.sde\GISDATA.Parks_and_Trees\GISDATA.OpenSpacesPolygons"</Process><Process ToolSource="C:\Program Files (x86)\ArcGIS\Desktop10.0\ArcToolbox\Toolboxes\Conversion Tools.tbx\FeatureClassToFeatureClass" Date="20120120" Time="114056">FeatureClassToFeatureClass "Database Connections\10.19.51.221@CityPlanning.sde\GISDATA.Parks_and_Trees\GISDATA.OpenSpaces" C:\sfgis_data\_data.sfgov.org\shapefiles planning_openspaces.shp # "SOURCE "SOURCE" true true false 50 Text 0 0 ,First,#,Database Connections\10.19.51.221@CityPlanning.sde\GISDATA.Parks_and_Trees\GISDATA.OpenSpaces,SOURCE,-1,-1;NAME "NAME" true true false 50 Text 0 0 ,First,#,Database Connections\10.19.51.221@CityPlanning.sde\GISDATA.Parks_and_Trees\GISDATA.OpenSpaces,NAME,-1,-1;OWNER "OWNER" true true false 50 Text 0 0 ,First,#,Database Connections\10.19.51.221@CityPlanning.sde\GISDATA.Parks_and_Trees\GISDATA.OpenSpaces,OWNER,-1,-1;ADDRESS "ADDRESS" true true false 50 Text 0 0 ,First,#,Database Connections\10.19.51.221@CityPlanning.sde\GISDATA.Parks_and_Trees\GISDATA.OpenSpaces,ADDRESS,-1,-1;STATUS "STATUS" true true false 10 Text 0 0 ,First,#,Database Connections\10.19.51.221@CityPlanning.sde\GISDATA.Parks_and_Trees\GISDATA.OpenSpaces,STATUS,-1,-1" #</Process></lineage><itemProps><itemName Sync="TRUE">planning_openspaces</itemName><imsContentType Sync="TRUE">002</imsContentType><itemSize Sync="TRUE">0.000</itemSize><itemLocation><linkage Sync="TRUE">file://\\75-MXL0181R07\C$\sfgis_data\_data.sfgov.org\shapefiles\planning_openspaces.shp</linkage><protocol Sync="TRUE">Local Area Network</protocol></itemLocation></itemProps><coordRef><type Sync="TRUE">Projected</type><geogcsn Sync="TRUE">GCS_North_American_1983</geogcsn><projcsn Sync="TRUE">NAD_1983_StatePlane_California_III_FIPS_0403_Feet</projcsn><peXml Sync="TRUE">&lt;ProjectedCoordinateSystem xsi:type='typens:ProjectedCoordinateSystem' xmlns:xsi='http://www.w3.org/2001/XMLSchema-instance' xmlns:xs='http://www.w3.org/2001/XMLSchema' xmlns:typens='http://www.esri.com/schemas/ArcGIS/10.0'&gt;&lt;WKT&gt;PROJCS[&amp;quot;NAD_1983_StatePlane_California_III_FIPS_0403_Feet&amp;quot;,GEOGCS[&amp;quot;GCS_North_American_1983&amp;quot;,DATUM[&amp;quot;D_North_American_1983&amp;quot;,SPHEROID[&amp;quot;GRS_1980&amp;quot;,6378137.0,298.257222101]],PRIMEM[&amp;quot;Greenwich&amp;quot;,0.0],UNIT[&amp;quot;Degree&amp;quot;,0.0174532925199433]],PROJECTION[&amp;quot;Lambert_Conformal_Conic&amp;quot;],PARAMETER[&amp;quot;False_Easting&amp;quot;,6561666.666666666],PARAMETER[&amp;quot;False_Northing&amp;quot;,1640416.666666667],PARAMETER[&amp;quot;Central_Meridian&amp;quot;,-120.5],PARAMETER[&amp;quot;Standard_Parallel_1&amp;quot;,37.06666666666667],PARAMETER[&amp;quot;Standard_Parallel_2&amp;quot;,38.43333333333333],PARAMETER[&amp;quot;Latitude_Of_Origin&amp;quot;,36.5],UNIT[&amp;quot;Foot_US&amp;quot;,0.3048006096012192],AUTHORITY[&amp;quot;EPSG&amp;quot;,2227]]&lt;/WKT&gt;&lt;XOrigin&gt;-115860600&lt;/XOrigin&gt;&lt;YOrigin&gt;-93269500&lt;/YOrigin&gt;&lt;XYScale&gt;36787427.345686711&lt;/XYScale&gt;&lt;ZOrigin&gt;-100000&lt;/ZOrigin&gt;&lt;ZScale&gt;10000&lt;/ZScale&gt;&lt;MOrigin&gt;-100000&lt;/MOrigin&gt;&lt;MScale&gt;10000&lt;/MScale&gt;&lt;XYTolerance&gt;0.0032808333333333335&lt;/XYTolerance&gt;&lt;ZTolerance&gt;0.001&lt;/ZTolerance&gt;&lt;MTolerance&gt;0.001&lt;/MTolerance&gt;&lt;HighPrecision&gt;true&lt;/HighPrecision&gt;&lt;WKID&gt;2227&lt;/WKID&gt;&lt;/ProjectedCoordinateSystem&gt;</peXml></coordRef></DataProperties><MetaID>{6809958F-1271-4173-8B14-6A102FC9EDCC}</MetaID></Esri><idinfo><native Sync="TRUE">Microsoft Windows XP Version 5.1 (Build 2600) Service Pack 3; ESRI ArcCatalog 9.3.1.4000</native><descript><langdata Sync="TRUE">en</langdata><abstract>Geodatabase description:
 
'OpenSpace.mdb' was created in May 2008.  It is an accumlation of data from varous people, agencies and methods.  This information is included in the attributes.  There are three features in this geodatabase.  One is all of California included for extent purposes, the other two contain the same data, one is a point feature, the other is a polygon feature.
 
Attributes for the open space features include:
 
SOURCE: Name of original shapefile or geodatabase feature that the data is derived from.

COLLECTED: Person who collected the data.

NAME: Name of open space.

OWNER: Owner of open space.

ADDRESS: Address of open space.

MAPBLKLOT: Parel number of open space, this was derived by spatial join of the point feature.  If the point fell on a parcel, that parcel is used for this attribute.

The projection of this feature is NAD 1983 StatePlane California III FIPS 0403 (Feet).
 
This abstract is the extent of any user entered metadata for this geodatabase, for any questions regarding this feature please contact Michael Webster, GIS Analyst, City and County of San Francisco, Planning Department at michael.webster@sfgov.org or 415-575-9067.
</abstract><purpose>To map publicly accessible open spaces in San Francisco</purpose></descript><citation><citeinfo><origin>REQUIRED: The name of an organization or individual that developed the data set.</origin><pubdate>REQUIRED: The date when the data set is published or otherwise made available for release.</pubdate><title>Open Spaces (publicly accessible, includes parks)</title><ftname Sync="TRUE">GISDATA.OpenSpaces</ftname><geoform Sync="TRUE">vector digital data</geoform><onlink Sync="TRUE">Server=cityplan-03sde; Service=5151; User=gisdata</onlink></citeinfo></citation><timeperd><current>REQUIRED: The basis on which the time period of content information is determined.</current><timeinfo><sngdate><caldate>REQUIRED: The year (and optionally month, or month and day) for which the data set corresponds to the ground.</caldate></sngdate></timeinfo></timeperd><status><progress>REQUIRED: The state of the data set.</progress><update>REQUIRED: The frequency with which changes and additions are made to the data set after the initial data set is completed.</update></status><spdom><bounding><westbc Sync="TRUE">-122.517468</westbc><eastbc Sync="TRUE">-119.841233</eastbc><northbc Sync="TRUE">37.889739</northbc><southbc Sync="TRUE">37.619996</southbc></bounding><lboundng><leftbc Sync="TRUE">5979385.646313</leftbc><rightbc Sync="TRUE">6751773.499172</rightbc><bottombc Sync="TRUE">2054472.740453</bottombc><topbc Sync="TRUE">2146436.249111</topbc></lboundng></spdom><keywords><theme><themekt>REQUIRED: Reference to a formally registered thesaurus or a similar authoritative source of theme keywords.</themekt><themekey>Open Space</themekey><themekey>Parks</themekey></theme><place><placekey>San Francisco</placekey></place></keywords><accconst>none</accconst><useconst>none</useconst><natvform Sync="TRUE">SDE Feature Class</natvform></idinfo><dataIdInfo><envirDesc Sync="TRUE">Microsoft Windows Server 2008 R2 Version 6.1 (Build 7601) Service Pack 1; ESRI ArcGIS 10.0.0.2414</envirDesc><dataLang><languageCode Sync="TRUE" value="eng" country="USA"></languageCode></dataLang><idCitation><resTitle Sync="TRUE">planning_openspaces</resTitle><presForm><PresFormCd Sync="TRUE" value="005"></PresFormCd></presForm></idCitation><spatRpType><SpatRepTypCd Sync="TRUE" value="001"></SpatRepTypCd></spatRpType><geoBox esriExtentType="decdegrees"><westBL Sync="TRUE">-122.517468</westBL><eastBL Sync="TRUE">-119.841233</eastBL><northBL Sync="TRUE">37.889739</northBL><southBL Sync="TRUE">37.619996</southBL><exTypeCode Sync="TRUE">1</exTypeCode></geoBox><dataExt><geoEle><GeoBndBox esriExtentType="native"><westBL Sync="TRUE">5979385.646313</westBL><eastBL Sync="TRUE">6751773.499172</eastBL><northBL Sync="TRUE">2146436.249111</northBL><southBL Sync="TRUE">2054472.740453</southBL><exTypeCode Sync="TRUE">1</exTypeCode></GeoBndBox></geoEle></dataExt><descKeys><thesaName uuidref="723f6998-058e-11dc-8314-0800200c9a66"></thesaName><keyword Sync="TRUE">002</keyword></descKeys></dataIdInfo><metainfo><langmeta Sync="TRUE">en</langmeta><metstdn Sync="TRUE">FGDC Content Standards for Digital Geospatial Metadata</metstdn><metstdv Sync="TRUE">FGDC-STD-001-1998</metstdv><mettc Sync="TRUE">local time</mettc><metc><cntinfo><cntorgp><cntper>REQUIRED: The person responsible for the metadata information.</cntper><cntorg>REQUIRED: The organization responsible for the metadata information.</cntorg></cntorgp><cntaddr><addrtype>REQUIRED: The mailing and/or physical address for the organization or individual.</addrtype><city>REQUIRED: The city of the address.</city><state>REQUIRED: The state or province of the address.</state><postal>REQUIRED: The ZIP or other postal code of the address.</postal></cntaddr><cntvoice>REQUIRED: The telephone number by which individuals can speak to the organization or individual.</cntvoice></cntinfo></metc><metd Sync="TRUE">20111020</metd></metainfo><mdLang><languageCode Sync="TRUE" value="eng"></languageCode></mdLang><mdStanName Sync="TRUE">ISO 19115 Geographic Information - Metadata</mdStanName><mdStanVer Sync="TRUE">DIS_ESRI1.0</mdStanVer><mdChar><CharSetCd Sync="TRUE" value="004"></CharSetCd></mdChar><mdHrLv><ScopeCd Sync="TRUE" value="005"></ScopeCd></mdHrLv><mdHrLvName Sync="TRUE">dataset</mdHrLvName><distinfo><resdesc Sync="TRUE">Downloadable Data</resdesc></distinfo><distInfo><distributor><distorTran><onLineSrc><orDesc Sync="TRUE">002</orDesc><linkage Sync="TRUE">Server=cityplan-03sde; Service=5151; User=gisdata</linkage><protocol Sync="TRUE">ArcSDE Connection</protocol></onLineSrc></distorTran><distorFormat><formatName Sync="TRUE">SDE Feature Class</formatName></distorFormat></distributor><distFormat><formatName Sync="TRUE">Shapefile</formatName></distFormat><distTranOps><transSize Sync="TRUE">0.000</transSize></distTranOps></distInfo><spdoinfo><direct Sync="TRUE">Vector</direct><ptvctinf><esriterm Name="planning_openspaces"><efeatyp Sync="TRUE">Simple</efeatyp><efeageom Sync="TRUE">4</efeageom><esritopo Sync="TRUE">FALSE</esritopo><efeacnt Sync="TRUE">0</efeacnt><spindex Sync="TRUE">FALSE</spindex><linrefer Sync="TRUE">FALSE</linrefer></esriterm></ptvctinf></spdoinfo><spref><horizsys><cordsysn><geogcsn Sync="TRUE">GCS_North_American_1983</geogcsn><projcsn Sync="TRUE">NAD_1983_StatePlane_California_III_FIPS_0403_Feet</projcsn></cordsysn><planar><planci><plance Sync="TRUE">coordinate pair</plance><plandu Sync="TRUE">survey feet</plandu><coordrep><absres Sync="TRUE">0.000328</absres><ordres Sync="TRUE">0.000328</ordres></coordrep></planci></planar><geodetic><horizdn Sync="TRUE">North American Datum of 1983</horizdn><ellips Sync="TRUE">Geodetic Reference System 80</ellips><semiaxis Sync="TRUE">6378137.000000</semiaxis><denflat Sync="TRUE">298.257222</denflat></geodetic></horizsys><vertdef><altsys><altenc Sync="TRUE">Explicit elevation coordinate included with horizontal coordinates</altenc><altres Sync="TRUE">1.000000</altres></altsys></vertdef></spref><refSysInfo><RefSystem><refSysID><identCode Sync="TRUE" code="2227">NAD_1983_StatePlane_California_III_FIPS_0403_Feet</identCode><idCodeSpace Sync="TRUE">EPSG</idCodeSpace><idVersion Sync="TRUE">7.4.1</idVersion></refSysID></RefSystem></refSysInfo><spatRepInfo><VectSpatRep><topLvl><TopoLevCd Sync="TRUE" value="001"></TopoLevCd></topLvl><geometObjs Name="GISDATA.OpenSpaces"><geoObjTyp><GeoObjTypCd Sync="TRUE" value="002"></GeoObjTypCd><geoObjCnt Sync="TRUE">0</geoObjCnt></geoObjTyp><geoObjCnt Sync="TRUE">543</geoObjCnt></geometObjs></VectSpatRep></spatRepInfo><eainfo><detailed Name="planning_openspaces"><enttyp><enttypl Sync="TRUE">planning_openspaces</enttypl><enttypt Sync="TRUE">Feature Class</enttypt><enttypc Sync="TRUE">0</enttypc></enttyp><attr><attrlabl Sync="TRUE">Status</attrlabl><attalias Sync="TRUE">FID</attalias><attrtype Sync="TRUE">OID</attrtype><attwidth Sync="TRUE">4</attwidth><atprecis Sync="TRUE">0</atprecis><attscale Sync="TRUE">0</attscale><attrdef Sync="TRUE">Internal feature number.</attrdef><attrdefs Sync="TRUE">ESRI</attrdefs><attrdomv><udom Sync="TRUE">Sequential unique whole numbers that are automatically generated.</udom></attrdomv></attr><attr><attrlabl Sync="TRUE">SHAPE</attrlabl><attalias Sync="TRUE">Shape</attalias><attrtype Sync="TRUE">Geometry</attrtype><attwidth Sync="TRUE">0</attwidth><atprecis Sync="TRUE">0</atprecis><attscale Sync="TRUE">0</attscale><attrdef Sync="TRUE">Feature geometry.</attrdef><attrdefs Sync="TRUE">ESRI</attrdefs><attrdomv><udom Sync="TRUE">Coordinates defining the features.</udom></attrdomv></attr><attr><attrlabl Sync="TRUE">Shape</attrlabl><attalias Sync="TRUE">SOURCE</attalias><attrtype Sync="TRUE">String</attrtype><attwidth Sync="TRUE">50</attwidth><atprecis Sync="TRUE">0</atprecis><attscale Sync="TRUE">0</attscale><attrdef Sync="TRUE">Feature geometry.</attrdef><attrdefs Sync="TRUE">ESRI</attrdefs><attrdomv><udom Sync="TRUE">Coordinates defining the features.</udom></attrdomv></attr><attr><attrlabl Sync="TRUE">SOURCE</attrlabl><attalias Sync="TRUE">NAME</attalias><attrtype Sync="TRUE">String</attrtype><attwidth Sync="TRUE">50</attwidth><atprecis Sync="TRUE">0</atprecis><attscale Sync="TRUE">0</attscale></attr><attr><attrlabl Sync="TRUE">NAME</attrlabl><attalias Sync="TRUE">OWNER</attalias><attrtype Sync="TRUE">String</attrtype><attwidth Sync="TRUE">50</attwidth><atprecis Sync="TRUE">0</atprecis><attscale Sync="TRUE">0</attscale></attr><attr><attrlabl Sync="TRUE">OWNER</attrlabl><attalias Sync="TRUE">ADDRESS</attalias><attrtype Sync="TRUE">String</attrtype><attwidth Sync="TRUE">50</attwidth><atprecis Sync="TRUE">0</atprecis><attscale Sync="TRUE">0</attscale></attr><attr><attrlabl Sync="TRUE">ADDRESS</attrlabl><attalias Sync="TRUE">STATUS</attalias><attrtype Sync="TRUE">String</attrtype><attwidth Sync="TRUE">10</attwidth><atprecis Sync="TRUE">0</atprecis><attscale Sync="TRUE">0</attscale><attrdef Sync="TRUE">Length of feature in internal units.</attrdef><attrdefs Sync="TRUE">ESRI</attrdefs><attrdomv><udom Sync="TRUE">Positive real numbers that are automatically generated.</udom></attrdomv></attr></detailed></eainfo><mdDateSt Sync="TRUE">20120120</mdDateSt><dataqual><lineage><procstep><procdesc Sync="TRUE">Dataset copied.</procdesc><srcused Sync="TRUE">\\REC-ADM-01SVR\DATA\Planning Shared\GIS\PropertyFacilityGISdata\recparkfacilities091004.mdb</srcused><date Sync="TRUE">20051222</date><time Sync="TRUE">08522800</time></procstep><procstep><procdesc Sync="TRUE">Dataset copied.</procdesc><srcused Sync="TRUE">\\SSTASIO\C$\SF_GIS\Delete after today.mdb</srcused><date Sync="TRUE">20060120</date><time Sync="TRUE">09243000</time></procstep><procstep><procdesc Sync="TRUE">Dataset copied.</procdesc><srcused Sync="TRUE">\\SSTASIO\E\Park_Facilities.mdb</srcused><date Sync="TRUE">20060123</date><time Sync="TRUE">15040000</time></procstep><procstep><procdesc Sync="TRUE">Dataset copied.</procdesc><srcused Sync="TRUE">\\RPD-SVR01\Planning$\Planning Shared\GIS\PropertyFacilityGISdata\recparkfacilities091004.mdb</srcused><date Sync="TRUE">20060328</date><time Sync="TRUE">16261800</time></procstep><procstep><procdesc Sync="TRUE">Dataset copied.</procdesc><srcused Sync="TRUE">Server=RPDDEV; Service=5151; Database=SDE; User=sde; Version=sde.DEFAULT</srcused><date Sync="TRUE">20080225</date><time Sync="TRUE">12074000</time></procstep><procstep><procdesc Sync="TRUE">Dataset copied.</procdesc><srcused Sync="TRUE">\\DCP-CLUSTER_INFO\INFO\GIS\Citywide\projects\city\20080225_ROSE\SFRPD_ParkData.mdb</srcused><date Sync="TRUE">20080528</date><time Sync="TRUE">09115800</time></procstep></lineage></dataqual></metadata>
